code,name,latitude,longitude,lines,routes
2196,,35.30842748181416,25.15414555969474,20,30090
0822,,35.31847899394434,25.15131788184287,20,30090
0122,62 MARTYRON 200 - JUMBO,35.3301472,25.1094763,06;10;11;12;17;19;21;31;50,1027;20031;20043;20075;20083;20093;20095;20100;21009;21013;21015;21016;21018;21029;21033;21034;23029;29310;29923;3002;30065;30066;30067;31028;33032;4002;9101
1037,62 MARTYRON 366,35.3318435,25.1032618,01;20,30083;30095;31009;31010;31033;31034
1036,62 MARTYRON 370 - PAGKRITIO STADIUM,35.3324737,25.1015153,01;20,30083;30095;31009;31010;31033;31034
0614,AGIA ANNA,35.3303803,25.1407479,05,1008
0637,AGIA ANNA,35.330679,25.1402942,05;50,1008;20200;3003
1308,AGIA EIRINI,35.2848579,25.1651481,02,20002;21002
9933,AGIA EIRINI - SPILIA,35.2849424,25.1650022,20,31002
0205,AGIOI THEODOROI,35.3182586,25.0933493,11;21;50,1027;20093;21013;21015;21016;29310;29923;30098
0209,AGIOI THEODOROI,35.3182881,25.0938658,01;07;14;20;21;50,0091;0932;1027;29124;30094;30096;30099;31013;31015;39310
4440,AGIOS EUGENIOS,35.3129387,25.1424894,20,30073;30108;31007
0607,AGIOS GEORGIOS,35.3363113,25.1465499,05,1008;1110
0644,AGIOS GEORGIOS,35.3363344,25.1467133,05,1008;1110
0801,AGIOS GEORGIOS,35.3188436,25.0576221,10,20095;21034
0802,AGIOS GEORGIOS,35.3192432,25.0579576,01;20,30095;31034
0902,AGIOS IOANNI XOSTOS,35.3205808,25.1144655,15,21022
0304,AGIOS IOANNIS AMNISSOS,35.3332021,25.1899908,07,20064;30096
0316,AGIOS IOANNIS AMNISSOS,35.3333659,25.1901982,12;19,20100;30066
1205,AGIOS KONSTANTINOS,35.3280012,25.1378467,02;03;04;09;23;50,0062;20002;21001;21002;21003;21007;21028;21031
1261,AGIOS PANTELEIMONAS,35.258553,25.1317419,20;50,0081;31031;31032
1244,AGIOS RAFAIL,35.2856506,25.1414474,20;50,0081;0082;31031;31032
9942,AGIOS VLASIS 3,35.2516708,25.1322841,09,21031
9941,AGIOS VLASIS 4,35.2507355,25.1322452,20,31031;31032
0305,AGIOU ALEXANDROU,35.3299464,25.1914288,07,20064;21012;30096
0315,AGIOU ALEXANDROU,35.330031,25.1916191,12;19,20100;30066
9923,AGIOU ANTONIOU & NIKOLAOU,35.3009806,25.0995819,19;50,20043;30098
9924,AGIOU ANTONIOU & NIKOLAOU 38,35.304724,25.1016534,01;50,30099;31025;31026
9922,AGIOU ANTONIOU & NIKOLAOU GELASIOU KALAITZAKI,35.3003861,25.0993766,01;50,30099;31025;31026
1254,AGIOU DIMITRIOU,35.2467389,25.1210886,09,21031
1258,AGIOU DIMITRIOU,35.2467622,25.1212892,20,31031;31032
1232,AGIOU KONSTANTINOU AVENUE KNOSSOU 95,35.32885581514677,25.138016359418756,17;20;50,0062;1061;20200;31001;31002;31003;31007;31028;31031;31032
0133,AGIOU MINA,35.3372542,25.1303848,01;05;07;14;20;23;50;92,0032;0062;0091;0932;1008;1035;1110;20033;20056;20064;20065;21012;21028;29124;30051;30075;30083;30094;30095;30096;31009;31010;31013;31015;31018;31022;31025;31026;31029;31033;31034;33029;39310;9944
0216,AGIOU MINA,35.3374924,25.13024,05;06;10;11;12;15;17;19;20;31;50;91;92;93,1008;1035;1036;1037;1061;1110;20031;20043;20075;20083;20093;20095;20100;21009;21013;21015;21016;21018;21022;21029;21033;21034;23029;29310;29923;30065;30066;30067;30073;31006;31028;33032
2015,AGIOU NEKTARIOU,35.3120935,25.0912522,11;21;50,1027;20093;21013;21015;21016;29310;29923;30098
0921,AGIOU NEKTARIOU & FILIKIS ETAIRIAS AG. AIK,35.3318267,25.1509458,16,20090
1259,AGIOU NIKOLAOU,35.2542678,25.1322689,20,31031;31032
1251,AGIOU PANTELEIMONA,35.2583835,25.1317047,09;50,0081;21031
0724,AGIOU SPYRIDONOS,35.3222904,25.0611901,10;50,10088;20083;20095;21033;21034
0725,AGIOU SPYRIDONOS,35.3222056,25.0613524,01;20,30083;30095;31033;31034
1255,AGIOU SYLLA 1,35.243642,25.1173491,09;20,21031;31031;31032
1260,AGIOU VLASSI,35.2553642,25.133129,09;50,0081;21031
1252,AGIOU VLASSI,35.2555272,25.1332291,20,31031;31032
1269,AGLAOPIS,35.287067,25.1431137,20;50,0081;0082;31031;31032
1508,ALKMAIONOS & ANTIEON,35.305243,25.1417848,20,30073;30108;31007
1507,ALKMAIONOS 17,35.3044538,25.1402336,20,30073;30108;31007
9910,AMAXOSTASIO,35.331846771485196,25.172616548543093,17,20052
0309,AMNISSOS - PARALIA AMNISSOU.,35.3304237,25.2079585,07,20064;21012;30096
0311,AMNISSOS - PARALIA AMNISSOU.,35.330603,25.2080875,12;19,20100;30066
0307,AMNISSOS - PARALIA KARTEROU - KARTEROS BEACH SPORTS CENTER,35.3277463,25.1998195,07,20064;21012;30096
0313,AMNISSOS - PARALIA KARTEROU.,35.3277856,25.1994928,12;19,20100;30066
0320,ANAGENNISEOS,35.3353265,25.1651102,07,20064;21012;30096
0319,ANAGENNISEOS,35.335553,25.1652015,12;19,20100;30066
1235,ANALIPSI,35.3360621,25.1389786,01;05;07;14;17;20;50,0032;0062;0091;0932;1008;1061;1110;20033;20056;20064;20065;20200;21012;29124;30051;30075;30083;30090;30094;30095;30096;30107;30108;31001;31002;31003;31007;31009;31010;31013;31015;31018;31022;31025;31026;31028;31029;31031;31032;31033;31034;33029;39310;9944
0634,ANALIPSI M,35.3360232,25.1387722,16,20090
1402,ANDREA PAPANDREOU & ROLEN,35.3311627,25.133658,04,20073;21006
1406,ANDREA PAPANDREOU 126,35.3270773,25.1266567,04;21,1027;20073;21006
1038,ANDREA PAPANDREOU 175,35.3358191,25.0756248,01;20;50,10088;31009;31010
1027,ANDREA PAPANDREOU 230,35.335918,25.0730204,01;20;50,10088;31009;31010
1024,ANDREA PAPANDREOU 301,35.3349685,25.0661039,01;20;50,10088;31009;31010
1032,ANDREA PAPANDREOU 49,35.3349552,25.0911179,01;20;50,10088;31009;31010
1006,ANDREA PAPANDREOU 56 VAGIA,35.3354736,25.0880411,06,21009
1039,ANDREA PAPANDREOU 86,35.3359015,25.0758349,06,21009
1031,ANDREA PAPANDREOU 87,35.3353791,25.087768,01;20;50,10088;31009;31010
1028,ANDREA PAPANDREOU HOTEL MARILENA - HOTEL AGAPI,35.3357341,25.0782121,01;20;50,10088;31009;31010
4438,ANTIEON,35.3152411,25.1398214,21,1027
0915,ANTIEON & NEFELIS,35.3140771,25.1397576,20,30073;30108
1090,ANTIEON & NIKIS,35.3043175,25.143277,20,30073;30108;31007
0206,ARETOUSAS,35.3144087,25.0918267,11;21;50,1027;20093;21013;21015;21016;29310;29923;30098
0208,ARETOUSAS,35.3141645,25.0919079,01;07;14;20;21;50,0091;0932;1027;29124;30094;30096;30099;31013;31015;39310
1305,ARIADNI,35.3010647,25.1592927,02;21,1027;20002;21001;21002
1306,ARIADNI,35.3012388,25.159156,20;21,1027;31001;31002
1150,ARXIEPISKOPOU MAKARIOU 2,35.3387271,25.1235981,92,1035
2016,ASKLIPEIOU,35.3098994,25.0907926,11;21;50,1027;20093;21013;21015;21016;29310;29923;30098
1103,ATHITAKI,35.3214665,25.1028848,01;12;19;50,20031;20043;20075;21018;3002;30065;30066;30067;31025;4002;9101
1109,ATHITAKI,35.3223776,25.1031769,01;07;14;17;20;50,0032;20056;20064;20065;3003;30075;31018;31026;9901;9944
1110,ATHITAKI 2,35.3240282,25.1035132,01;07;14;17;20;50,0032;20056;20064;20065;3003;30075;31018;31025;31026;9901;9944
1408,ATLANTIDOS 33,35.325501,25.1263931,04;21;50,1027;20073;21006;3003
1407,ATLANTIDOS 45,35.325872,25.1250045,04;21,1027;20073;21006
1101,AVENUE  MENELAOU PARLAMA 26,35.3273635,25.1063927,11;12;19;21;31;50,1027;20031;20043;20075;20093;20100;21013;21015;21016;21018;21029;23029;29310;29923;3002;30065;30066;30067;33032;4002;9101
0129,AVENUE 62 MARTYRON 15,35.336221,25.1226716,01;07;14;20;23,0032;0091;0932;20033;20056;20064;20065;21012;21028;29124;30051;30075;30083;30094;30095;30096;31009;31010;31013;31015;31018;31022;31025;31026;31029;31033;31034;33029;39310;9944
0125,AVENUE 62 MARTYRON 180,35.3310831,25.111749,01;07;14;20;21;23,0032;0091;0932;1027;20033;20056;20064;20065;21012;21028;29124;30051;30075;30083;30094;30095;30096;31009;31010;31013;31015;31018;31025;31026;31029;31033;31034;33029;39310;9944
0121,AVENUE 62 MARTYRON 182,35.3312218,25.1116468,06;10;11;12;17;19;21;31;50,1027;20031;20043;20075;20083;20093;20095;20100;21009;21013;21015;21016;21018;21029;21033;21034;23029;29310;29923;3002;30065;30066;30067;31028;33032;4002;9101
0124,AVENUE 62 MARTYRON 190  - JUMBO,35.3302001,25.1102338,01;07;14;20;21;23,0032;0091;0932;1027;20033;20056;20064;20065;21012;21028;29124;30051;30075;30083;30094;30095;30096;31009;31010;31013;31015;31018;31025;31026;31029;31033;31034;33029;39310;9944
0117,AVENUE 62 MARTYRON 36,35.336272,25.1219751,06;10;11;12;15;17;19;31,20031;20043;20075;20083;20093;20095;20100;21009;21013;21015;21016;21018;21022;21029;21033;21034;23029;29310;29923;30065;30066;30067;31028;33032
1001,AVENUE 62 MARTYRON 360,35.3317425,25.103781,06;10,20083;20095;21009;21033;21034
1002,AVENUE 62 MARTYRON 369 - PAGKRITIO STADIO,35.3326717,25.1013739,06;10,20083;20095;21009;21033;21034
1003,AVENUE 62 MARTYRON 377 - XEROPOTAMOS,35.3327886,25.0989599,06;10,20083;20095;21009;21033
1916,AVENUE DIMOKRATIAS 79,35.3304143,25.138222,17;20,31001;31002;31003;31007;31028;31031;31032
9929,AVENUE Eth. Antistasis  & Giouxta,35.267664688960785,25.137734023437,20,31032
9930,AVENUE Eth. Antistasis - Ag Vlasi (E),35.2595912,25.1330213,20,31031;31032
9931,AVENUE Eth. Antistasis - Ag Vlasi (M),35.2597908,25.1330313,09,21031
9928,AVENUE Eth. Antistasis 99 - Zoodoxou Pigis,35.2721157,25.138802,20,31032
0102,AVENUE IKAROU 91,35.3376025,25.163895,05;06;10;11;12;15;19;31;50,1008;1110;20031;20043;20100;21009;21015;21018;21022;21029;21033;21034;29310;3002;30066
0115,AVENUE KALO&RINOU 236,35.3376124,25.1259851,05;06;10;11;12;15;17;19;31;50;93,1008;1037;1061;1110;20031;20043;20075;20083;20093;20095;20100;21009;21013;21015;21016;21018;21022;21029;21033;21034;23029;29310;29923;30065;30066;30067;31028;33032
1210,AVENUE KNOSSOU & ZERVONIKOLA,35.3164661,25.1461946,02;03;09;50,20002;21001;21002;21003;21031;3002;4002
1227,AVENUE KNOSSOU 169,35.3165409,25.1463535,20;50,3003;31001;31002;31003;31031;31032
0076,AVENUE KNOSSOU 202  AGIOS IOANNIS,35.3153197,25.1472964,02;03;09;50,20002;21001;21002;21003;21031;3002;4002
0075,AVENUE KNOSSOU 259,35.30978614536969,25.150298419014355,20;21,1027;31001;31002;31003
9938,AVENUE KNOSSOU 265 - EFOREIA (E),35.307708,25.1514262,20;21,1027;31001;31002;31003
1112,AVENUE MENELAOU PARLAMA  27,35.3271665,25.1066477,01;07;14;17;20;21;50,0032;0091;0932;1027;20056;20064;20065;29124;3003;30075;30094;30096;31013;31015;31018;31025;31026;31029;33029;39310;9901;9944
1102,AVENUE MENELAOU PARLAMA  58,35.32373254111598,25.10670878352328,11;12;19;21;31;50,1027;20031;20043;20075;20093;20100;21013;21015;21016;21018;21029;23029;29310;29923;3002;30065;30066;30067;33032;4002;9101
1111,AVENUE MENELAOU PARLAMA  77,35.3231258,25.1054217,01;07;14;17;20;21;50,0032;0091;0932;1027;20056;20064;20065;29124;3003;30075;30094;30096;31013;31015;31018;31025;31026;31029;33029;39310;9901;9944
0203,AVENUE PANEPISTIMIOU & KEFALOGIANNI,35.3207926,25.0987367,11;21;50,1027;20093;21013;21015;21016;29310;29923;30098
2021,AVENUE PANEPISTIMIOU & KEFALOGIANNI (E),35.3200169,25.0985078,01;07;14;20;21;50,0091;0932;1027;29124;30094;30096;30099;31013;31015;31029;33029;39310
0204,AVENUE PANEPISTIMIOU & PARASYRI (M),35.3205267,25.0957047,11;21;50,1027;20093;21013;21015;21016;29310;29923;30098
1928,AVEROF,35.3372015,25.1361587,02;03;04;05;06;09;10;11;12;15;17;19;31;50;91,1008;1036;1061;1110;20002;20031;20043;20073;20075;20083;20093;20095;20100;20200;21001;21002;21003;21006;21007;21009;21013;21015;21016;21018;21022;21029;21031;21033;21034;23029;29310;29923;30065;30066;30067;31028;33032
9932,Ag Vlasis 2,35.2541313,25.1321757,09,21031
1105,BASKETBALL COURT ELMEPA,35.3161336,25.1017985,12;19;50,20031;20043;20075;21018;3002;30065;30066;30067;4002;9101
1107,BASKETBALL COURT ELMEPA,35.3159208,25.1019091,01;07;14;17;20;50,0032;20056;20064;20065;3003;30075;31018;31025;31026;9901;9944
1220,CENTRAL STATION AVENUE PROS LIMANI,35.3391666,25.140798,20;50,0091;20200;30075;30083;30090;30094;30095;30107;30108;31001;31002;31003;31007;31010;31013;31031;31032;33029
0110,CENTRAL STATION YPERASTIKON LEOFOREION,35.3389921,25.1400282,02;03;04;06;09;10;11;12;15;16;19;31;50,20002;20031;20043;20073;20075;20083;20090;20093;20095;20100;20200;21001;21002;21003;21006;21007;21009;21013;21015;21016;21018;21022;21029;21031;21033;21034;23029;29310;29923;30065;30066;30067;33032
0136,CENTRAL STATION YPERASTIKON LEOFOREION,35.3387492,25.1412196,01;07;14,0032;0932;20033;20056;20064;20065;21012;29124;30051;30096;31000;31009;31015;31018;31022;31025;31026;31029;31033;31034;39310;9944
0116,CHANIOPORTA,35.3365615,25.124303,05;06;10;11;12;15;17;19;31;50,1008;1061;1110;20031;20043;20075;20083;20093;20095;20100;21009;21013;21015;21016;21018;21022;21029;21033;21034;23029;29310;29923;30065;30066;30067;31028;33032
0130,CHANIOPORTA (E),35.3364267,25.1245845,01;07;14;20;23;50,0032;0062;0091;0932;20033;20056;20064;20065;21012;21028;29124;30051;30075;30083;30094;30095;30096;31009;31010;31013;31015;31018;31022;31025;31026;31029;31033;31034;33029;39310;9944
0631,CHANIOPORTA - NIK. PLASTIRA,35.3368846,25.1254415,05,1008;1110
1067,CHARILAOU TRIKOUPI,35.333934,25.135933,01;04;05;07;14;20;50,0032;0091;0932;1008;1110;20033;20056;20064;20065;20200;21007;21012;29124;30051;30075;30083;30094;30095;30096;30107;30108;31009;31010;31013;31015;31018;31022;31025;31026;31029;31033;31034;33029;39310;9944
1068,CHARILAOU TRIKOUPI 2,35.3345559,25.1382206,01;04;05;07;14;20;50,0032;0091;0932;1008;1110;20033;20056;20064;20065;20200;21007;21012;29124;30051;30075;30083;30094;30095;30096;30107;30108;31009;31010;31013;31015;31018;31022;31025;31026;31029;31033;31034;33029;39310;9944
0918,CHATZAKI - & AGIOU ANTONIOU - DIASTAUROSI GOURNES,35.2987137,25.0959568,01;50,30099;31025;31026
1189,CHATZAKI AG IOANNIS,35.3162414,25.1500879,16,20090
1808,CHATZIDAKI,35.3266693,25.1475594,16,20090
1246,CHATZIDAKI,35.2789157,25.1400268,09;50,0081;21031
1266,CHATZIDAKI,35.2791563,25.1402101,20;50,0081;0082;31031;31032
1888,CHRISTOMICHALI CHYLOURI 1,35.3264115,25.1135185,15,21022
0911,CHRISTOMICHALI CHYLOURI 103,35.3249873,25.1155044,01,31022
1418,CHRYSOSTOMOU 29,35.3319973,25.1365112,20,30073;30107;30108;31006
1503,CHRYSOVALANTOU,35.3138907,25.1340738,04,20073;21007
0910,CHURCH AGIOU IOANNI XOSTOU,35.3211588,25.1146672,01,31022
1013,Castro Hotel,35.3350639,25.0657271,06,21009
0920,DAFERMOU & AGIOU NEKTARIOU - AG. AIK,35.3343769,25.1507812,16,20090
0919,DAFERMOU - FILIKIS ETAIRIAS AG.AIKATERINI,35.332297945906,25.1500509437443,16,20090
0120,DEILINA,35.3331161,25.1143328,06;10;11;12;15;17;19;21;31,1027;20031;20043;20075;20083;20093;20095;20100;21009;21013;21015;21016;21018;21022;21029;21033;21034;23029;29310;29923;30065;30066;30067;31028;33032
0126,DEILINA,35.3330233,25.1144863,01;07;14;20;21;23,0032;0091;0932;1027;20033;20056;20064;20065;21012;21028;29124;30051;30075;30083;30094;30095;30096;31009;31010;31013;31015;31018;31022;31025;31026;31029;31033;31034;33029;39310;9944
1221,DIAKLADOSI FORTETSAS,35.3062912,25.1524744,20;21,1027;31001;31002;31003
0812,DIAKLADOSI KROUSONA,35.3154702,25.0551305,10,20095;21034
0804,DIAKLADOSI KROUSONA,35.3132561,25.0551539,01;20,30095;31034
1446,DIAKLADOSI SAKALANIOU,35.2809273293863,25.1742647889671,20,31002
1313,DIAKLADOSI SKALANIOU,35.2809416,25.1743412,02,20002;21002
2012,DIAKLADOSI VOUTON,35.3034512,25.0782494,01;07;11;14;20;21,1027;21016;29124;30094;30096;31013;31015;39310
1421,DIALINOMIXALI,35.3214688,25.1290351,04;21;50,1027;20073;21006;21007;3003
2019,DIASTAUROSI STAURAKIA,35.3020637,25.0826801,01;07;11;20;21;50,1027;20093;21016;29310;30096;30099;31013;31015
0633,DIMOKRATIAS,35.3370042,25.1370805,16,20090
1079,DIMOKRATIAS 24,35.3307472,25.1381075,04,21007
0512,DIMOPOULOU 2,35.3144882,25.1735667,11;12;31,29923;30065;30067;33032
0511,DIMOPOULOU 34,35.3118714,25.1754931,11;12;31,29923;30065;30067;33032
0202,DIOMIDI - I.K.A.,35.3193009,25.099555,11;19;21;31,1027;20093;20100;21013;21015;21016;21029;23029;29310;29923;33032
0210,DIOMIDI - IKA,35.3193662,25.0999549,01;07;14;20;21,0091;0932;1027;29124;30094;30096;31013;31015;31029;33029;39310
0214,DOUKOS MPOFOR,35.3402414,25.138719,50,0062
1094,EAM PAPANASTASIOU 197,35.3097953,25.1446173,20,30073;30108;31007
1214,EFORIA NEA ALATSATA,35.3083208,25.15095,02;03;21,1027;20002;21001;21002;21003
0903,EIRINIS & FILIAS,35.3183762,25.1141019,15,21022
0712,ELEUTHERIOU VENIZELOU,35.329344970272615,25.080140729430383,10;50,10088;20083;20095;21033;21034
0716,ELEUTHERIOU VENIZELOU,35.3268059,25.0713274,10;50,10088;20083;20095;21033;21034
0719,ELEUTHERIOU VENIZELOU,35.3257279,25.0684837,01;20,30083;30095;31033;31034
0713,ELEUTHERIOU VENIZELOU,35.3291631,25.0800198,01;20,30083;30095;31033;31034
0709,ELEUTHERIOU VENIZELOU & PAPANDREOU,35.3330821,25.0960833,01;20,30083;30095;31033;31034
0701,ELEUTHERIOU VENIZELOU & PAPANDREOU,35.333232,25.0961891,10,20083;20095;21033;21034
0718,ELEUTHERIOU VENIZELOU 164,35.3263565,25.0702373,01;20,30083;30095;31033;31034
0717,ELEUTHERIOU VENIZELOU 196,35.3262372,25.0695616,10;50,10088;20083;20095;21033;21034
0723,ELEUTHERIOU VENIZELOU 249,35.3244329,25.0646354,01;20,30083;30095;31033;31034
0722,ELEUTHERIOU VENIZELOU 260,35.3247278,25.0648624,10;50,10088;20083;20095;21033;21034
0714,ELEUTHERIOU VENIZELOU AROMATIKA,35.3270878,25.0754991,10;50,10088;20083;20095;21033;21034
0715,ELEUTHERIOU VENIZELOU AROMATIKA,35.3269797,25.0755542,01;20,30083;30095;31033;31034
1192,EMM VOREADI,35.3134724,25.1535883,16,20090
1193,EMM VOREADI,35.3135535,25.1537328,20,30090
1803,EMMANOUIL MPANTOUVA,35.3323137,25.1444526,16,20090
1831,EMMANOUIL MPANTOUVA,35.3323996,25.1444794,05;20,1008;1110;30090
0640,EMMANOUIL MPANTOUVA 57,35.3317898,25.1447498,05,1008
9916,ENTRANCE LIMANI - ( PILI ),35.303908915679635,25.09479930204396,19;50,20043;30098
9947,ENTRANCE LIMANI - ( PILI ),35.303716668833914,25.094889834567716,01;50,30099;31025;31026
9918,EO IRAKLEIOU FAISTOU 2,35.2947818,25.0860777,19,20043;20100
9919,EO IRAKLEIOU FAISTOU 3,35.2880431,25.0829107,19,20043;20100
9920,EO IRAKLEIOU FAISTOU 4,35.2939715,25.0860808,01,31025;31026
9921,EO IRAKLEIOU FAISTOU 5,35.2994975,25.0887322,01,31025;31026
9917,EO. IRAKLEIOU - FAISTOU,35.3004585,25.0894597,19,20043;20100
4429,EOK 10,35.330381950568324,25.12453886169723,21,1027
4422,EOK 11,35.330361598146645,25.12472602904697,21,1027
4426,EOK 25,35.329324782678526,25.125919090405993,21,1027
4432,EOK 28,35.329277452226165,25.125730473854535,21,1027
4425,EOK 33,35.3278656,25.1272713,21,1027
4433,EOK 44,35.328003729402695,25.12697013310051,21,1027
9940,EP.OD.AG.SYLLA 298,35.246472,25.1184236,09,21031
9001,EPAL AG.AIKATERINIS,35.332232,25.1494349,50,0062;1061;20200
1234,ERGATIKO KENTRO,35.3337763,25.1386838,05;17;20;50,0062;1008;1061;1110;20200;31001;31002;31003;31007;31028;31031;31032
0635,ERGATIKO KENTRO,35.3329399,25.138389,04;05;50,1008;20200;21007
1190,ERMI 1,35.315519,25.1521411,16,20090
1194,ERMI 2,35.3122413,25.1544564,16,20090
1196,ERMI 3,35.3102745,25.1552561,16,20090
1195,ERMI 4,35.3123983,25.1545076,20,30090
1191,ERMI 5,35.3155107,25.1522525,20,30090
1411,ERRIKOU NTYNAN DEXAMENES,35.3200689,25.1298575,04;21;50,1027;20073;21006;21007;3003
0201,ESTAUROMENOU,35.3235422,25.1010228,11;19;21;31,1027;20093;20100;21013;21015;21016;21029;23029;29310;29923;33032
0211,ESTAUROMENOU,35.3235039,25.1014192,01;07;14;20;21,0091;0932;1027;29124;30094;30096;31013;31015;31029;33029;39310
9516,ETHNIKIS ANTISTASEOS - ARCHIMIDOUS,35.3380664,25.1418565,50,3002;4002
4436,ETHNOMARTYRON,35.3174735,25.1357753,21,1027
0914,ETHNOMARTYRON & ANTHEON MESAMPELIS,35.315587,25.1401931,20;21;50,1027;3002;3003;30073;30108;4002
4419,ETHNOMARTYRON 46,35.3161965,25.1379361,21;50,1027;3002;4002
4420,ETHNOMARTYRON 47,35.3174123,25.1360424,21;50,1027;3002;4002
1561,EUMATIIOU,35.308356,25.1372911,20;50,0081;0082;31031;31032
3005,EUMATIIOU & ANTIEON STUDENT PEIRAM,35.3085045,25.1401522,50,3003
1213,EURYALIS,35.3097968,25.1496554,20;50,3002;31031;31032;4002
1420,EVANS,35.3354922,25.1344201,01;20,30073;31006;31029;33029
1303,EVANS,35.3357457,25.1342345,01;02;03;04;05;07;09;14;20;23;50,0032;0062;0091;0932;1008;1110;20002;20033;20056;20064;20065;20073;20200;21001;21002;21003;21006;21007;21012;21028;21031;29124;30051;30075;30083;30094;30095;30096;31009;31010;31013;31015;31018;31022;31025;31026;31033;31034;39310;9944
0605,FLORINIS,35.3375853,25.1481772,05,1008;1110
9944,FOINIKIA 1,35.2761291,25.1050057,01,31022
9054,FOINIKIA 11,35.311493930482534,25.11571036930864,01,31022
9945,FOINIKIA 2,35.2669254,25.1013779,01,31022
9946,FOINIKIA 3,35.2550782,25.1040189,01,31022
9047,FOINIKIA 4,35.258406625181685,25.10757742338796,01,31022
9048,FOINIKIA 5,35.263893571757905,25.107491782237584,01,31022
9049,FOINIKIA 6,35.27048575056667,25.111912512204636,01,31022
9050,FOINIKIA 7,35.27907990185466,25.113176894378753,01,31022
9051,FOINIKIA 8,35.2947604230401,25.116502833557224,01,31022
9052,FOINIKIA 9,35.301616541376795,25.116206766451032,01,31022
1265,FOKA,35.2753774,25.139477,09;50,0081;21031
1247,FOKA,35.2754445,25.139398,20;50,0081;0082;31031;31032
1139,FORT KOULE SQUARE 18,35.3427544,25.134354,20;50;91,1036;1061;30073;31006
4417,FOTAKI,35.3143982,25.1442925,21,1027
1403,GEFYRAKI ANDREA PAPANDREOU 46,35.3297804,25.1317371,04;50,20073;21006;3002;4002
0711,GENNIMATA & VENIZELOU,35.3300458,25.083814,10;50,10088;20083;20095;21033;21034
0710,GENNIMATA & VENIZELOU,35.3299744,25.0838259,01;20,30083;30095;31033;31034
0704,GEORGIOU GENNIMATA 21,35.3294555,25.0852946,10;50,10088;20083;20095;21033;21034
0706,GEORGIOU GENNIMATA 21,35.3293667,25.0853185,01;20,30083;30095;31033;31034
0707,GEORGIOU GENNIMATA 36,35.3288945,25.0870888,01;20,30083;30095;31033;31034
0703,GEORGIOU GENNIMATA 67,35.3288957,25.0873254,10;50,10088;20083;20095;21033;21034
0636,GEORGIOU PAPANDREOU,35.331656,25.1386118,05;50,1008;20200
1417,GEORGIOU PAPANDREOU 47,35.3305657,25.1349638,20;50,3003;30073;30107;30108;31006
0641,GERONOMAKI,35.3319949,25.1461944,05;16,1008;1110;20090
1801,GERONYMAKI & TITOU GEORGIADOU,35.3342721,25.1401739,05;16,1110;20090
0524,GIANNARI,35.3107402,25.1745858,11;12;31,29923;30065;30067;33032
0101,GOURNES,35.2960181,25.0931365,01;19,20043;31025
1104,HELLENIC MEDITERRANEAN UNIVERSITY (M),35.3196445,25.1020345,12;19;50,20031;20043;20075;21018;3002;30065;30066;30067;4002;9101
1108,HELLENIC MEDITERRANEAN UNIVERSITY (Ε),35.3195065,25.1022563,01;07;14;17;20;50,0032;20056;20064;20065;3003;30075;31018;31025;31026;9901;9944
1030,HOTEL  CANDIA MARIS,35.3355377,25.083663,01;20;50,10088;31009;31010
1007,HOTEL  CANDIA MARIS,35.3355985,25.0842965,06,21009
1009,HOTEL AGAPI BEACH - HOTEL MARILENA.,35.3358567,25.0782883,06,21009
1018,HOTEL AKTI ZEUS,35.3386646,25.0561807,06,21009
1015,HOTEL AMOUNDA VAY,35.3352141,25.0613054,06,21009
1023,HOTEL AMOUNDA VAY - HOTEL MINOAS,35.3350803,25.0625944,01;20;50,10088;31009;31010
1021,HOTEL APOLLONIA,35.3367887,25.0567538,01;20;50,10088;31009;31010
1017,HOTEL APOLLONIA,35.3368751,25.0569691,06,21009
1029,HOTEL CRETA BEACH,35.3356852,25.0808484,01;20;50,10088;31009;31010
1008,HOTEL CRETA BEACH,35.3358169,25.0803518,06,21009
1033,HOTEL MALENA. - AKTI CORALI.,35.3346485,25.0929603,01;20;50,10088;31009;31010
1040,HOTEL MALENA. - AKTI CORALI.,35.3349282,25.0923778,06,21009
1022,HOTEL POSEIDON,35.3346272,25.057736,01;20;50,10088;31009;31010
1016,HOTEL POSEIDON,35.334712,25.0582847,06,21009
1010,HOTEL SANTA MARINA.,35.3360174,25.0730509,06,21009
1034,HOTEL VANISKO,35.3340493,25.094727,01;20;50,10088;31009;31010
1004,HOTEL VANISKO,35.3339745,25.0953522,06,21009
1020,HOTEL ZEUS,35.3381677,25.0561476,01;20;50,10088;31009;31010
1410,IEROLOXITON 76 DASKALAKI,35.323155,25.1290771,04;21;50,1027;20073;21006;3003
3101,IKA,35.3178024,25.0984269,01;20;31,21029;23029;31029;33029;33032
0143,IKAROU 106,35.337534,25.1635065,01;05;07,0032;0932;1008;1110;20064;21012;30051;31000;31009;31015;31018;31022;31025;31026;31029;31033;31034;39310;9944
0139,IKAROU 132 - DRAKOU.,35.3398158,25.1495768,01;05;07;14,0032;0932;1008;1110;20033;20056;20064;20065;21012;29124;30051;30096;31000;31009;31015;31018;31022;31025;31026;31029;31033;31034;39310;9944
0171,IKAROU 19,35.3391311,25.1556893,05;06;10;11;12;15;19;31;50,1008;1110;20031;20043;20100;21009;21015;21018;21022;21029;21033;21034;29310;3002;30066
0172,IKAROU 20,35.3389785,25.1556985,01;05;07;14,0032;0932;1008;1110;20033;20056;20064;20065;21012;29124;30051;30096;31000;31009;31015;31018;31022;31025;31026;31029;31033;31034;39310;9944
0137,IKAROU 48,35.3384873,25.1432106,01;07;14,0032;0932;20033;20056;20064;20065;21012;29124;30051;30096;31000;31009;31015;31018;31022;31025;31026;31029;31033;31034;39310;9944
0106,IKAROU 79 - DRAKOU.,35.3398555,25.1494764,05;06;10;11;12;15;19;31;50,1008;1110;20031;20043;20100;21009;21015;21018;21022;21029;21033;21034;29310;29923;3002;30065;30066;30067;33032
0085,IKAROU 85,35.3379924,25.1620282,05;06;10;11;12;15;19;31;50,1008;1110;20031;20043;20100;21009;21015;21018;21022;21029;21033;21034;29310;3002;30066
1414,IONIAS 111 SQUARE ATSALENIOU,35.325643,25.1336042,20;21;50,1027;3002;3003;30073;30107;30108;31006;4002
1422,IONIAS 165 KAVALI,35.3231229,25.1333482,20;21;50,1027;3002;3003;30073;30107;30108;31006;4002
1413,IONIAS 209,35.3213891,25.1332347,20;21;50,1027;3002;3003;30073;30107;30108;31006;4002
1416,IONIAS 35,35.328378246078294,25.13434501042198,20;50,3002;3003;30073;30107;30108;31006;4002
1415,IONIAS 85 AGIA SOFIA,35.3269068,25.1338317,20;21;50,1027;3002;3003;30073;30107;30108;31006;4002
1219,IPPOKRATOUS,35.3046588,25.1501115,03,21003
0001,IRAKLEITOU 29,35.3428691521937,25.156744888322315,91,1036
1123,IRODOTOU,35.3381104,25.1586025,14,20033;20056;20065;28123;29124
9912,IRODOTOU RETURN KALLITHEAS,35.3375311571209,25.1588921706062,11;12,29923;30067
9956,ITANOY & ANTISTASEOS 47 - MARKET - VAZZAR,35.33132986505723,25.13956322859906,50,3002;4002
4416,KAKRIDI 11,35.3144113,25.1459646,21,1027
4418,KAKRIDI 11,35.3143615,25.1461215,21,1027
0510,KALLITIEA,35.3137088,25.1731017,14,20033;20056;20065;28123;29124
9939,KALLITIEA 2,35.3116432,25.1729714,14,20033;20065;28123
0131,KALO&RINOU 209,35.3376061,25.1268184,01;05;07;14;20;23;50;92,0032;0062;0091;0932;1008;1035;1110;20033;20056;20064;20065;21012;21028;29124;30051;30075;30083;30094;30095;30096;31009;31010;31013;31015;31018;31022;31025;31026;31029;31033;31034;33029;39310;9944
0132,KALO&RINOU 33,35.3379535,25.1288813,01;05;07;14;20;23;50;92,0032;0062;0091;0932;1008;1035;1110;20033;20056;20064;20065;21012;21028;29124;30051;30075;30083;30094;30095;30096;31009;31010;31013;31015;31018;31022;31025;31026;31029;31033;31034;33029;39310;9944
0108,KALOGERIDI LEOFORO IKAROU 17,35.3388961,25.1454101,06;10;11;12;15;19;31;50,20031;20043;20100;21009;21015;21018;21022;21029;21033;21034;29310;29923;3002;30065;30066;30067;33032
0114,KAMARAKI AVENUE KALO&RINOU 166 - HOTEL IRAKLIO,35.3379766,25.1286661,05;06;10;11;12;15;17;19;31;50;93,1008;1037;1061;1110;20031;20043;20075;20083;20093;20095;20100;21009;21013;21015;21016;21018;21022;21029;21033;21034;23029;29310;29923;30065;30066;30067;31028;33032
0119,KAMINIA,35.3353944,25.1173558,06;10;11;12;15;17;19;21;31,1027;20031;20043;20075;20083;20093;20095;20100;21009;21013;21015;21016;21018;21022;21029;21033;21034;23029;29310;29923;30065;30066;30067;31028;33032
0127,KAMINIA,35.3354645,25.1183382,01;07;14;20;21;23,0032;0091;0932;1027;20033;20056;20064;20065;21012;21028;29124;30051;30075;30083;30094;30095;30096;31009;31010;31013;31015;31018;31022;31025;31026;31029;31033;31034;33029;39310;9944
1100,KAMPOS AGIOU SYLLA,35.2562669,25.1082692,01,31022
1250,KATRAKI,35.2675324,25.1375372,09;50,0081;21031
0105,KATSAMPAS,35.3393986,25.153165,05;06;10;11;12;15;19;31;50,1008;1110;20031;20043;20100;21009;21015;21018;21022;21029;21033;21034;29310;29923;3002;30065;30066;30067;33032
0140,KATSAMPAS,35.3392462,25.15315,01;05;07;14,0032;0932;1008;1110;20033;20056;20064;20065;21012;29124;30051;30096;31000;31009;31015;31018;31022;31025;31026;31029;31033;31034;39310;9944
1203,KATSOULOGIORGI L.KNOSSOU 6,35.3313206,25.1355287,02;03;09;23;50,0062;20002;21001;21002;21003;21028;21031
0805,KAVROXORI STASI 1,35.31303,25.0514386,10,20095;21034
0806,KAVROXORI STASI 2,35.3114183,25.0492718,10,20095;21034
0807,KAVROXORI STASI 2,35.3113482,25.0493338,01;20,30095;31034
0808,KAVROXORI STASI 3,35.3094982,25.0480762,10,20095;21034
0809,KAVROXORI STASI 3,35.3095934,25.0479327,01;20,30095;31034
0810,KAVROXORI STASI 4,35.3067277,25.0471609,10,20095;21034
1807,KAXOU,35.3249345,25.1476412,16,20090
0516,KAZANTZIDI,35.3311934,25.1596788,12;31,30065;33032
1209,KEFALOGIANNI L.KNOSSOU 178,35.3181884,25.1449355,02;03;09;50,20002;21001;21002;21003;21031;3002;4002
1216,KNOSSOS,35.2990906,25.1606213,02;21,1027;20002;21001;21002
1229,KNOSSOU 125,35.3197251,25.1443128,20;50,3003;31001;31002;31003;31031;31032
1228,KNOSSOU 143,35.3183785,25.1450211,20;50,3003;31001;31002;31003;31031;31032
1226,KNOSSOU 193 - AGIOS IOANNIS,35.3150152,25.147847,20;21;50,1027;3003;31001;31002;31003;31031;31032
1223,KNOSSOU 207,35.314076,25.1484869,20;21;50,1027;3003;31001;31003;31031;31032
1222,KNOSSOU 235,35.31143409890769,25.149709203999894,20;21;50,1027;3003;31001;31002;31003;31031;31032
0608,KOMNINON,35.3350377,25.1464405,05,1008;1110
0643,KOMNINON 29,35.3350985,25.1465658,05,1008;1110
0642,KOMNINON 73,35.3335037,25.146493,05,1008;1110
0726,KOMVOS REDDI,35.3214286883767,25.057991622615067,10,20095;21034
0727,KOMVOS REDDI,35.32218094588865,25.05834466012589,10,20083;21033
0623,KONDYLAKI 101,35.3292913,25.1206196,05,1008;1110
0625,KONDYLAKI 27,35.3311239,25.1248586,05,1008;1110
0624,KONDYLAKI 77,35.3298511,25.1226111,05,1008;1110
0606,KONITSIS,35.336668,25.1476806,05,1008;1110
0645,KONITSIS,35.3364546,25.1489816,05,1008;1110
1184,KRASADAKI 1,35.3227086,25.1499135,16,20090
1186,KRASADAKI 2,35.318939,25.1489937,16,20090
1185,KRASADAKI 4,35.3226692,25.1500512,20,30090
1188,KRASADAKI XATZAKI,35.3154197,25.1479208,16,20090
2017,KRIMPA,35.3080603,25.0895951,11;21;50,1027;20093;21013;21015;21016;29310;29923;30098
1233,KRINTSAS,35.3320155,25.1384268,05;17;20;50,0062;1008;1061;20200;31001;31002;31003;31007;31028;31031;31032
1270,KYPARISSIAS,35.2890447,25.1445376,20;50,0081;0082;31031;31032
1053,L. PLASTIRA KIPOTHEATRO XATZIDAKI,35.3336087134609,25.1333442043701,93,1037
1051,L. PLASTIRA PYLI VITILEEM,35.3361425,25.1261827,93,1037
1052,L. PLASTIRA STOA MAKASI,35.3334916,25.1296052,93,1037
1211,L.KNOSSOU 226,35.3132598,25.1486958,02;03;09;21;50,1027;20002;21001;21002;21003;21031;3002;4002
1077,L.KNOSSOU 244,35.3123927,25.1491388,02;03;09;21;50,1027;20002;21001;21002;21003;21031;3002;4002
1212,L.KNOSSOU 270,35.3105135,25.1498445,02;03;09;21;50,1027;20002;21001;21002;21003;21031;3002;4002
1816,LAGKADA,35.3311153,25.146343,16,20090
4431,LASAIAS,35.3320667,25.1225606,21,1027
0109,LIANA AVENUE IKAROU 15,35.338634,25.1431,06;10;11;12;15;19;31;50,20031;20043;20100;21009;21015;21018;21022;21029;21033;21034;29310;29923;3002;30065;30066;30067;33032
1177,LIMNIS KOURNA,35.3269958,25.113654,15;50,21022;3003
4437,LINDOU,35.3159935,25.1380498,21,1027
0647,LYKTOU,35.3379438,25.1491532,05,1008;1110
0626,M. MERKOURI,35.3322363,25.1266959,05,1008;1110
0917,MANOU KATRAKI - ANTISTASEOS - VASILIES,35.2678256,25.1375586,20;50,0082;31031
1333,MANOU KATRAKI 106,35.3022912,25.1096642,15,21022
0905,MANOU KATRAKI 168,35.2954254,25.1088411,15,21022
0034,MANOU KATRAKI 34,35.3170675,25.1133263,15,21022
1064,MANOU KATRAKI 64,35.3077531,25.1094422,15,21022
4421,MANTINEIAS,35.3179666,25.13379,21;50,1027;3002;4002
4435,MANTINEIAS,35.3178084,25.1335477,21,1027
1810,MARKOGIANNAKI,35.32987810006809,25.148784091996014,16,20090
1092,MARKOU KARANASTASI,35.3067449,25.1458393,20,30073;30108;31007
0503,MAUSOLOU 161,35.3304328,25.1604041,11;12;14;31,20033;20056;20065;28123;29124;29923;30065;30067;33032
0504,MAUSOLOU 200,35.329288,25.1626697,11;12;14;31,20033;20056;20065;28123;29124;29923;30065;30067;33032
0505,MAUSOLOU 217,35.3268174,25.1641936,11;12;14;31,20033;20056;20065;28123;29124;29923;30065;30067;33032
0506,MAUSOLOU 235,35.3250011,25.1654458,11;12;14;31,20033;20056;20065;28123;29124;29923;30065;30067;33032
0123,MAUSOLOU GEFYRA ETHNIKIS,35.3325638,25.1587474,14,20056;20065;28123;29124
9122,MAUSOLOU GEFYRA ETHNIKIS RETURN,35.3322049165378,25.1591309420249,11;12;31,29923;30065;30067;33032
2105,MEGALOU ALEXANDROU 105,35.3221904,25.1328804,04,21007
1120,MEGALOU ALEXANDROU 120,35.3221311,25.1346131,04,21007
0147,MEGALOU ALEXANDROU 147,35.3217922,25.137149,04,21007
0165,MEGALOU ALEXANDROU 165,35.3216875685549,25.1393189634884,04,21007
1085,MEGALOU ALEXANDROU 85,35.3219803,25.1301358,04,21007
1556,METAXAKI 1,35.3309106,25.1133119,15,21022
1166,METAXAKI 2,35.3278098,25.1151125,15,21022
0308,MICHAIL ARCHAGGELOU,35.3288855,25.2042347,07,20064;21012;30096
0312,MICHAIL ARCHAGGELOU,35.3288765,25.2039018,12;19,20100;30066
0610,MILTIADOU,35.33294169421566,25.145184478148657,05,1008;1110
4427,MINOOS,35.3320255,25.1227566,21,1027
0128,MINOOS & AVENUE 62 MARTYRON 55,35.3358396,25.1198712,01;07;14;20;21;23,0032;0091;0932;1027;20033;20056;20064;20065;21012;21028;29124;30051;30075;30083;30094;30095;30096;31009;31010;31013;31015;31018;31022;31025;31026;31029;31033;31034;33029;39310;9944
0118,MINOOS & AVENUE 62 MARTYRON 78,35.3358298,25.1192488,06;10;11;12;15;17;19;21;31,1027;20031;20043;20075;20083;20093;20095;20100;21009;21013;21015;21016;21018;21022;21029;21033;21034;23029;29310;29923;30065;30066;30067;31028;33032
4428,MINOOS 79,35.33397820149202,25.120833237386147,21,1027
4430,MINOOS 90,35.33396767974615,25.120687433530517,21,1027
1167,MITERA,35.3414103,25.1233932,92,1035
1802,MONIS GOUVERNETOU,35.3328074,25.1432198,16,20090
1817,MONIS GOUVERNETOU,35.33295,25.1431005,05;20,1110;30090
0142,MOURNIES IKAROU 80,35.3379975,25.1614643,01;05;07,0032;0932;1008;1110;20064;21012;30051;30096;31000;31009;31015;31018;31022;31025;31026;31029;31033;31034;39310;9944
1154,MOUSEIO FYSIKIS ISTORIAS,35.3417569,25.1264946,92,1035
1207,MPENTEVI,35.3229126,25.1413633,02;03;09;50,20002;21001;21002;21003;21031;3002;4002
1230,MPENTEVI,35.3231907,25.1413536,17;20;50,0062;1061;20200;31001;31002;31003;31007;31028;31031;31032
1197,NATIENA,35.309585361213074,25.15404363575217,20,30090
0104,NEA ALIKARNASSOS,35.3385454,25.1589288,05;06;10;11;12;15;19;31;50,1008;1110;20031;20043;20100;21009;21015;21018;21022;21029;21033;21034;29310;3002;30066
0141,NEA ALIKARNASSOS,35.3383801,25.1594664,01;05;07,0032;0932;1008;1110;20064;21012;30051;30096;31000;31009;31015;31018;31022;31025;31026;31029;31033;31034;39310;9944
1274,NEFELIS,35.273338,25.1367306,20;50,0081;0082;31031
2303,NEOFYTOU OIKONOMOU,35.322523,25.1506293,23,21028
2332,NEOFYTOU OIKONOMOU,35.3224606,25.15086,17,31028
1019,OAED,35.3254222,25.1146922,15,21022
0613,ODYSSEOS,35.3299362,25.1431321,05,1008
0638,ODYSSEOS,35.3299415,25.1433458,05,1008
2014,OIKISMOS AGIAS PARASKEUIS,35.3113532,25.0878998,01;07;14;20;21,0091;0932;1027;29124;30094;30096;31013;31015;39310
9913,OULAF PALME - KYPARISSIAS,35.29278728178307,25.141697517791,20,31031;31032
1267,OULOF PALME,35.2828416881507,25.14023687850436,09;50,0081;21031
1245,OULOF PALME,35.2823739,25.1401309,20;50,0081;0082;31031;31032
1506,OULOF PALME & ALKYONOS (TERMA),35.30415825764521,25.13807720827611,20;50,0081;0082;31031;31032
1504,OULOF PALME 102,35.3113672,25.1354046,04,20073;21007
1505,OULOF PALME 134,35.3083852,25.1367911,04;50,0081;20073;21007
1089,OULOF PALME 158,35.305849,25.1373186,04;09;50,0081;0082;20073;21007;21031
9925,OULOF PALME 191,35.3013051,25.1391817,09,21031
9979,OULOF PALME 255 - KYPARISIAS,35.29174742352629,25.141393700837366,09,21031
1502,OULOF PALME 28,35.3169049,25.1332075,04,20073;21007
9980,OULOF PALME 312,35.28752939628831,25.14132392141137,09,21031
1086,OULOF PALME 52,35.3152002,25.1337066,04,20073;21007
9926,OULOF Palme 219,35.2970856,25.1405307,09,21031
2018,PAGNI - HOSPITAL,35.303562008582574,25.08482290062906,01;07;11;20;21;50,1027;20093;21013;21015;21016;29310;29923;30096;30098;30099;31013;31015
1409,PANAGITSA,35.3246785,25.1293519,04;21;50,1027;20073;21006;3003
0630,PANANEIO,35.3350348,25.1278092,05,1008;1110
1514,PAPANASTASIOU 123,35.3170597,25.1404601,20,31007
1145,PAPANASTASIOU 145,35.3145743,25.1414378,20;21,1027;30073;30108;31007
1179,PAPANASTASIOU 179,35.3114454,25.1433215,20,30073;30108;31007
4442,PAPANASTASIOU 217,35.3082621,25.1459196,20;50,0081;0082;30073;30108;31007
1334,PAPANASTASIOU 34,35.323592,25.1392878,04,21007
1515,PAPANASTASIOU 91,35.3186303,25.1404579,20,31007
0092,PAPANASTASIOU 92,35.3256912,25.138676,04,21007
2020,PARASYRI,35.32041191889172,25.09582348009213,01;07;14;20;21;50,0091;0932;1027;29124;30094;30096;30099;31013;31015;31029;33029;39310
1206,PERTSELAKI,35.3256111,25.1390378,02;03;09;50,20002;21001;21002;21003;21031;3002;4002
1231,PERTSELAKI,35.3247937,25.1399309,17;20;50,0062;1061;20200;31001;31002;31003;31007;31028;31031;31032
1025,PETOUSIS - HOTEL  ROXANI,35.3352979,25.0683662,01;20;50,10088;31009;31010
1012,PETOUSIS - HOTEL  ROXANI,35.3354127,25.0684576,06,21009
0303,PETROEMPORIKI,35.3328747,25.1852987,07,20064;30096
0317,PETROEMPORIKI,35.3332165,25.1857446,12;19,20100;30066
1199,PIKRODAFNI,35.3172549,25.1517895,20,30090
0904,PINELOPIS,35.310521,25.1092093,15,21022
1820,PITSOULAKI,35.3248311,25.1435887,20,30090
3004,PITSOULAKI SXOLIKO PEIRAMATIKO,35.323138423149125,25.142879291401652,17;50,3003;31028
1175,POLICE STATION,35.3330382,25.165418,07,20064;30096
1176,POLICE STATION,35.3331127,25.1656614,12;19,20100;30066
1014,POLICE STATION - HOTEL DOLPHIN BAY,35.335129659763574,25.063156315774208,06,21009
0912,POLICE STATION PRASSA,35.3315961,25.1671391,07,21012
1218,POLYNEIKOUS,35.304181,25.1518015,03,21003
0107,POROS,35.3386272,25.1470028,06;10;11;12;15;19;31;50,20031;20043;20100;21009;21015;21018;21022;21029;21033;21034;29310;29923;3002;30065;30066;30067;33032
0138,POROS,35.3385867,25.1466492,01;07;14,0032;0932;20033;20056;20064;20065;21012;29124;30051;30096;31000;31009;31015;31018;31022;31025;31026;31029;31033;31034;39310;9944
0100,PRASSA,35.3147478,25.188234,07,21012
0913,PRASSA 2,35.3213666,25.1930994,07,21012
1248,PROFITI ILIA,35.2694021,25.1380657,09;50,0081;21031
1811,PROKLOU,35.3312858,25.1484833,16,20090
1116,PROTYPO HIGH SCHOOL  (E),35.3115259,25.1021169,01;07;14;17;20;50,0032;20056;20064;20065;3003;30075;30099;31018;31025;31026;9901;9944
1106,PROTYPO HIGH SCHOOL  (M),35.3114566,25.1020371,12;19;50,20031;20043;20075;21018;3002;30065;30066;30067;30098;4002;9101
1404,ROMANTIKI GONIA,35.3287441,25.1300607,04,20073;21006
0306,Riding Academy Crete,35.32784177945645,25.196677079974638,07,20064;21012;30096
0314,Riding Academy Crete,35.32792678016635,25.196593205765506,12;19,20100;30066
2101,SEAP,35.33747670895456,25.166984496472704,05;06;10;11;12;15;19;31;50,1008;1110;20031;20043;21009;21015;21018;21022;21029;21033;21034;29310;3002
2144,SEAP,35.3374032,25.1672712,01;05,0032;0932;1008;1110;30051;31000;31009;31015;31018;31022;31025;31026;31029;31033;31034;39310;9944
0612,SERRON,35.3310418,25.1437455,05,1008
1315,SKALANI 1,35.2835349,25.1752255,02,20002;21002
1317,SKALANI 2,35.282998,25.17653,02,20002;21002
1316,SKALANI 2,35.282928,25.1770659,20,31002
1319,SKALANI 3,35.2825411,25.1808625,02,20002;21002
1318,SKALANI 3,35.2826165,25.1807352,20,31002
1320,SKALANI 4,35.2821998,25.1847166,20,31002
9934,SKALANI KATO,35.2821232,25.1846572,02,21002
1321,SKALANI STROFI KATO,35.282063501454985,25.18483595830118,02,20002
0302,SMINARCHIA,35.3291548,25.1791509,07,20064;30096
0318,SMINARCHIA,35.3294277,25.1783888,12;19,20100;30066
1129,SOFOKLI VENIZELOU,35.33608277310879,25.10866294352194,92,1035
1135,SOFOKLI VENIZELOU-ARXIEPISKOPOU MAKARIOU,35.341449824865855,25.12322344037132,92,1035
1137,SOFOKLI VENIZELOU-GIAMALAKI,35.34115763946936,25.129891840496086,20;91;92,1035;1036;30073;31006
1138,SOFOKLI VENIZELOU-HISTORICAL MUSEUM,35.3419461,25.1307783,20;50,1061;30073;31006
1918,SOLONOS 32,35.3041109,25.1516015,20,31003
1919,SOLONOS 57,35.3045726,25.1502279,20,31003
0916,SPERXIOU & OULAF PALME,35.3126406,25.1354818,20,30073;30108
1311,SPILIA,35.2852842,25.168845,02,20002;21002
1310,SPILIA,35.2856528,25.1686394,20,31002
1809,SQUARE AGIAS AIKATERINIS,35.328788,25.1474541,16,20090
0135,SQUARE ELEUTIERIAS,35.338168182949055,25.136980243551253,01;07;14;20;50,0032;0062;0091;0932;20033;20056;20064;20065;20200;21012;29124;30051;30075;30083;30090;30094;30095;30096;30107;30108;31000;31001;31002;31003;31007;31009;31010;31013;31015;31018;31022;31025;31026;31029;31031;31032;31033;31034;33029;39310;9944
0111,SQUARE ELEUTIERIAS - ASTORIA,35.3384751,25.1366217,02;03;04;06;09;10;11;12;15;16;19;31;50;91,1036;20002;20031;20043;20073;20075;20083;20090;20093;20095;20100;20200;21001;21002;21003;21006;21007;21009;21013;21015;21016;21018;21022;21029;21031;21033;21034;23029;29310;29923;30065;30066;30067;33032
0134,SQUARE KORNAROU,35.33624252564293,25.133030925760256,01;05;07;14;20;23;50;92,0032;0062;0091;0932;1008;1035;1110;20033;20056;20064;20065;21012;21028;29124;30051;30075;30083;30094;30095;30096;31009;31010;31013;31015;31018;31022;31025;31026;31029;31033;31034;33029;39310;9944
2215,SQUARE KORNAROU M,35.3362934,25.1328722,05;06;10;11;12;15;17;19;20;31;50;91;92;93,1008;1035;1036;1037;1061;1110;20031;20043;20075;20083;20093;20095;20100;21009;21013;21015;21016;21018;21022;21029;21033;21034;23029;29310;29923;30065;30066;30067;30073;31006;31028;33032
1202,SQUARE KYPROU,35.3339667,25.1348898,01;02;03;04;09;14;23;50;93,0032;0062;1037;20002;20056;20073;20200;21001;21002;21003;21006;21007;21028;21031;9944
1419,SQUARE KYPROU,35.3340414,25.1352134,20;93,1037;30073;31006
1405,SQUARE NI&AS,35.3276089,25.1279212,04,20073;21006
1144,SQUARE SINANI,35.3196714,25.1330819,04;20;21;50,1027;21006;3002;3003;30073;30107;30108;31006;4002
2266,ST. GIAMALAKI & KAZANTZAKI,35.339288,25.1296956,20;91;92,1035;1036;30073;31006
0002,STREET  STADIOU 22,35.34318255525226,25.159426162077136,91,1036
0523,STREET ALFA & RO,35.3174719,25.170835,11;12;14;31,20033;20056;20065;28123;29124;29923;30065;30067;33032
0519,STREET GAMA & GIOTA,35.3239562885402,25.1759395805452,14,20033;20065
0518,STREET GAMA & THITA,35.3239488,25.1739133,14,20033;20065
0507,STREET GAMA & ZITA,35.3239513758623,25.168163906261,14,20033;20065
0508,STREET GAMA & ZITA,35.3239430442826,25.1711298184967,14,20033;20065
0520,STREET RO & LAMDA,35.3219153,25.1777205,14,20033;20065
0521,STREET RO & VITA,35.31933605338507,25.16987040082979,14,20033;20065;29124
0550,STREET RO & VITA,35.3196119,25.1698835,11;12;31,29923;30065;30067;33032
9957,STREET RO & VITA,35.31988180085718,25.17668621148546,14,20033;20065
9958,STREET RO & VITA,35.320305884920046,25.171931168033158,14,20033;20065
9101,STUDENT PEIRAMATIKO APO PAPANDREOU,35.3303897,25.1338608,50,3002;4002;9101
1113,STUDENT RESIDENCE ELMEPA,35.3138666,25.1017448,12;19;50,20031;20043;20075;21018;3002;30065;30066;30067;4002;9101
1114,STUDENT RESIDENCE ELMEPA,35.3137502,25.101849,01;07;14;17;20;50,0032;20056;20064;20065;3003;30075;31018;31025;31026;9901;9944
1133,TALOS,35.3405894,25.1194951,92,1035
1146,TALOS,35.3407065,25.1190986,92,1035
1026,TECHNOPOLIS -  HOTEL MARIRENA,35.3355769,25.0700351,01;20;50,10088;31009;31010
1011,TECHNOPOLIS -  HOTEL MARIRENA,35.3357179,25.0702086,06,21009
0621,TIERISSOU 110,35.3309077,25.1201549,05,1008;1110
0618,TIERISSOU 16,35.3351949,25.1234505,05,1008;1110
0619,TIERISSOU 38,35.3339073,25.1225856,05,1008;1110
0620,TIERISSOU 84,35.3321331,25.1209612,05,1008;1110
1818,TITOU GEORGIADOU,35.3344654,25.1400486,20,30090
2222,TMIMA EPISTIMIS YPOLOGISTON,35.30863726035576,25.08466238852381,01;07;11;14;20;21,0091;0932;1027;21016;29124;30094;30096;31013;31015;39310
0720,TOWN HALL GAZIOU,35.32540563963474,25.0666567766865,10;50,10088;20083;20095;21033;21034
0721,TOWN HALL GAZIOU,35.3252453,25.0664855,01;20,30083;30095;31033;31034
1204,TRIA PEUKA L.KNOSSOU 40,35.3299592,25.1365314,02;03;09;23;50,0062;20002;21001;21002;21003;21028;21031
1163,TS AGIA AIKATERINI,35.30929967379131,25.155717862631825,16;20,20090;30090
1041,TS AGION PANTON,35.3108942,25.1736811,11;12;14;31,20033;20056;20065;28123;29124;29923;30065;30067;33032
9911,TS AIRPORT,35.335864,25.1737746,05;06;10;11;12;15;19;31;50,1008;1110;20031;20043;21009;21015;21018;21022;21029;21033;21034;29310;3002
9311,TS AIRPORT RETURNS,35.3363817,25.172392,01;05,0032;0932;1008;1110;30051;31000;31009;31015;31018;31022;31025;31026;31029;31033;31034;39310;9944
0015,TS AMMOUDARA,35.3400704,25.0534417,01;06;20;50,10088;21009;31009;31010
1440,TS AMNISSOS TERMINAL STATION,35.331439872962214,25.21063595109387,07;12;19,20064;20100;21012;30066;30096
0021,TS CEMETERY,35.3217012,25.157988,17;23,21028;31028
0012,TS ELMEPA,35.30959080338453,25.102455161102068,01;12;19;50,0032;20031;20043;20075;21018;3002;30065;30066;30067;30098;4002;9101
0923,TS ELMEPA EPIS.,35.3096174,25.1025825,01;07;14;17;20;50,20056;20064;20065;30075;30099;31018;31025;31026;9901;9944
1172,TS EPIVATIKOS STATIMOS,35.3414914,25.1450586,91,1036
0037,TS FOINIKIA,35.2819883,25.1062546,01;15,21022;31022
1442,TS FORTETSAS,35.3021358,25.1488956,03;20,21003;31003
0016,TS GAZI,35.3218506,25.0546348,01;10;20,20083;21033;30083;31033
0025,TS GIOFYRO,35.3293,25.1065647,11;12;19;21;31;50,1027;20031;20043;20075;20093;20100;21013;21015;21016;21018;21029;23029;29310;29923;3002;30065;30066;30067;33032;4002;9101
0014,TS GIOFYRO (E),35.3290339,25.1068002,01;07;14;17;20;21;23,0032;0091;0932;1027;20033;20052;20056;20064;20065;21012;21028;29124;30051;30075;30094;30096;31013;31015;31018;31025;31026;31029;33029;39310;9901;9944
0024,TS KNOSSOS,35.29942044815481,25.1607967048935,20;21,1027;31001;31002
1119,TS PANEPISTIMIO,35.30584571394926,25.08286461534425,01;11;14;20;21,0091;0932;1027;21016;29124;30094;31013;31015;39310
0022,TS PORT,35.34099608740013,25.138825882838052,02;03;04;09;10;11;12;16;20;31;50,0062;0091;1061;20002;20073;20075;20083;20090;20093;20095;20200;21001;21002;21003;21006;21007;21013;21016;21031;23029;30073;30075;30083;30090;30094;30095;30107;30108;31001;31002;31003;31006;31007;31010;31013;31031;31032;33029;4002
1043,TS SKALANI,35.2830445,25.1863136,02;20,21002;31002
1338,TS TIERISSOS,35.329362,25.1194452,05,1008;1110
0702,TSALIKAKI,35.3285811,25.0890608,10;50,10088;20083;20095;21033;21034
0708,TSALIKAKI,35.3284935,25.0891568,01;20,30083;30095;31033;31034
0020,TS_ ATHANATI,35.27983217349887,25.078883819907162,01;19,20043;20100;31025;31026
0013,TS_ IDRYMA TEXNOLOGIAS & EREUNAS (I.T.E),35.3053489,25.0731358,01;11;14;20,20093;29124;29310;30094;39310
1050,TS_GREEN LINE,35.3215149,25.1426351,93,1037
0017,TS_KAVROXORI,35.30836,25.0463167,01;10;20,20095;21034;30095;31034
1047,TS_MESAMPELIES,35.30416220830279,25.137923543154802,04;20,20073;21007;30073;30108;31007
2201,TS_PAGKRITIO STADIO,35.33612570321385,25.107702893215166,92,1035
1044,TS_SQUARE SINANI,35.3192917,25.1328814,04;21,1027;20073;21007
0207,UNIVERSITY OF CRETE,35.3057986,25.0825932,07,30096
1208,VARELATZI L.KNOSSOU 158,35.3195873,25.1441635,02;03;09;50,20002;21001;21002;21003;21031;3002;4002
1273,VASILEIES,35.2706965,25.1348289,20;50,0081;0082;31031
4424,VASILEIOU SMPOKOU,35.3271719,25.1289631,21,1027
4423,VASILEIOU SMPOKOU 60,35.3268869,25.1317123,21,1027
1238,VENIZELEIO IOSPITAL,35.3050521,25.154112,20;21,1027;31001;31002
1215,VENIZELIO IOSPITAL,35.3059139,25.1527773,02;21,1027;20002;21001;21002
0077,VENIZELIO IOSPITAL FORTETSA,35.3058882,25.1523957,03,21003
1275,VIANNOU,35.2737562,25.1383681,20;50,0081;0082;31031
9935,VL?XIA (M),35.2920249,25.1645629,02,20002;21002
1307,VLIXIA,35.2919038,25.1646742,20,31002
9936,VLIXIA 1,35.2960633,25.161702,02,20002;21002
2302,VRITOMARTIDOS,35.3233851,25.1460996,23,21028
2322,VRITOMARTIDOS,35.3235006,25.1462941,17;20,30090;31028
1035,XEROPOTAMOS - VAMVOUKAKI,35.3326059,25.099105,01;20,30083;30095;31009;31010;31033;31034
2203,YPERASTIKO KTEL,35.3412878,25.1393395,91,1036
1091,ZERVOU,35.304374,25.1442879,20,30073;30108;31007
1264,ZOODOXOU PIGIS,35.2720653,25.1386625,09;50,0081;21031
